"","WeekID","date","season","o3h8max","logitFluP","temp","ah"
"1",1,2005-01-08,1,-0.656246900606666,-0.853075295169106,-1.44107218218255,-1.49814510979131
"2",2,2005-01-15,1,-0.722879669362119,-0.617974761335494,-1.83378439929774,-1.70615241400556
"3",3,2005-01-22,1,-0.0871069100905051,-0.494730038442987,-1.55774755103561,-1.38191068061502
"4",4,2005-01-29,1,-0.919584243307954,0.0320228029391931,-0.982907928881484,-0.636195267055422
"5",5,2005-02-05,1,-1.60558549975689,0.320736709253979,-1.66019421637001,-1.14964765115205
"6",6,2005-02-12,1,-0.719145869571946,0.214779217646189,-0.960142003251618,-0.692708427397193
"7",7,2005-02-19,1,-0.960629371001349,0.129530712129014,-1.09104607562335,-0.857467205815313
"8",8,2005-02-26,1,-1.08646064643004,0.484549307803109,-1.77117810381561,-1.26073496572674
"9",9,2005-03-05,1,-0.744524595645743,1.01559839834118,-1.98460865659561,-1.58674954126178
"10",10,2005-03-12,1,-0.612965938038917,1.51933032953444,-1.09958329773455,-0.952510395220494
"11",11,2005-03-19,1,-0.524686020499965,1.83207962482867,-1.41261477514521,-1.18996580542642
"12",12,2005-03-26,1,0.444477277536172,1.58516819380123,-0.914610151991885,-0.924530305374474
"13",13,2005-04-02,1,-0.71197386247499,1.49366675607781,-0.741019969064152,-0.402673435313733
"14",14,2005-04-09,1,0.497710254612819,1.16856196809597,-0.169026087613757,-0.242154980398028
"15",15,2005-04-16,1,-0.539705674655909,1.34369415172299,-0.376765158986288,-0.260717967920515
"16",16,2005-04-23,1,0.365149589494133,1.14406387744202,0.149696871204374,0.0902169424703431
"17",17,2005-04-30,1,-1.0890254112859,1.37711303682987,0.309058350613439,0.53509124173774
"18",18,2005-05-07,0,-0.589458556859957,1.63432131900925,0.758685381803303,0.629735790487125
"19",19,2005-05-14,0,-0.793646287885262,1.82669161080077,0.525334644097171,0.852751242716729
"20",20,2005-05-21,0,-1.11415077237394,1.9822234277975,0.889589454175035,1.13562217788134
"21",21,2005-05-28,0,-0.598793056335388,2.17256711919628,0.681850382802503,0.955483531481475
"22",22,2005-06-04,0,-0.570709547913591,2.02318345652071,0.818445936581702,0.908917528201634
"23",23,2005-06-11,0,0.995610574064251,1.59649972284883,0.605015383801704,0.636179064236724
"24",24,2005-06-18,0,-1.19481640534079,1.18864970171381,0.875360750656368,1.20749534932039
"25",25,2005-06-25,0,-1.38093076738176,0.846007262267278,0.915201120508634,1.1900211545168
"26",26,2005-07-02,0,-1.28745686763469,0.624386149109898,0.918046861212367,1.20866829510351
"27",27,2005-07-09,0,-1.19689623383757,0.69269360559223,1.10302000695503,1.08113238716817
"28",28,2005-07-16,0,-1.37277419284013,-0.179375990815906,1.28230167129023,1.06976899373895
"29",29,2005-07-23,0,1.38453215755965,-0.0869595217774528,1.22254111651183,1.07229572780335
"30",30,2005-07-30,0,-0.887462452613095,-0.617974761335494,1.02618500795423,1.15200454011414
"31",31,2005-08-06,0,-0.179047284923751,-0.84588272385172,1.1257859325849,1.23658909429117
"32",32,2005-08-13,0,-0.347601675451536,-0.790626496891885,1.03472223006543,1.24824300513327
"33",33,2005-08-20,0,-1.29762035956354,-0.838756340829213,0.579403717468103,1.02656537885486
"34",34,2005-08-27,0,-0.80465210726677,-0.287408246686109,0.846903343619035,1.05348741969381
"35",35,2005-09-03,0,0.0902382387614376,-0.921006539075735,1.04325945217663,1.01699392225476
"36",36,2005-09-10,0,1.14937722174123,-0.720553694942749,0.900972416989968,0.96955513469233
"37",37,2005-09-17,0,0.834403768123556,-1.04946532432788,1.08025408132517,1.07726597732208
"38",38,2005-09-24,0,0.197564208911893,-1.00422716196588,1.0574881556953,0.885140207277859
"39",39,2005-10-01,0,-0.313310724878577,-0.905386701621664,0.681850382802503,0.927226758681044
"40",40,2005-10-08,0,1.52469444933144,-1.31372080874197,0.952195749657168,0.520790702773928
"41",41,2005-10-15,0,1.10191129190866,-1.61594242638378,0.68754186420997,0.367967173205495
"42",42,2005-10-22,0,1.98935771453703,-1.41172628824911,0.474111311429972,-0.0802375250358287
"43",43,2005-10-29,0,0.832885800708861,-1.89553336377757,0.20661168527904,-0.24321850646816
"44",44,2005-11-05,1,0.132160482587372,-1.61594242638378,0.0927820571297073,-0.288030959010642
"45",45,2005-11-12,1,-1.05406771075042,-1.25067204792606,0.474111311429972,0.626279226231484
"46",46,2005-11-19,1,-0.103628974162018,-1.00422716196588,-0.237323864503356,-0.465848894813759
"47",47,2005-11-26,1,0.92521955802,-1.86789632051552,-0.689796636396953,-1.01638065657287
"48",48,2005-12-03,1,0.697317753327349,-1.13825966500305,-0.268627012244423,-0.389248316265178
"49",49,2005-12-10,1,-0.173731065222506,-1.45789886012503,-1.31870533192202,-1.55539167640852
"50",50,2005-12-17,1,0.0241292086583825,-1.23866096010733,-1.47237532992361,-1.91583127835292
"51",51,2005-12-24,1,0.20247593363587,-0.623332822794081,-1.71141754903721,-2.0052996735219
"52",52,2005-12-31,1,-0.140824732071736,0.0320228029391931,-1.00851959521508,-0.964938569801644
"53",53,2006-01-07,1,-0.698956680706514,0.0800164853445157,-1.46952958921988,-1.31363141634348
"54",54,2006-01-14,1,-0.811452956884585,0.286892661680659,-1.42684347866388,-1.32555370154001
"55",55,2006-01-21,1,-0.916968360954958,0.6473668469002,-1.10242903843828,-0.722370248641074
"56",56,2006-01-28,1,-1.06015069290857,0.617373557735941,-1.81101847366788,-1.57889003932148
"57",57,2006-02-04,1,-0.552598396431379,0.506150824879963,-1.03697700225242,-0.842931919726598
"58",58,2006-02-11,1,0.108637543909286,0.824819037095519,-1.25040755503241,-1.2033635500305
"59",59,2006-02-18,1,-0.71953925204984,0.887858824506572,-0.991445150992684,-0.821944641047729
"60",60,2006-02-25,1,-0.991339874275518,1.10722231953713,-1.09673755703082,-0.903967450917765
"61",61,2006-03-04,1,-0.0937188472189353,1.03147074995207,-1.75979514100068,-1.42989751187413
"62",62,2006-03-11,1,-0.279195351795752,1.22522738193361,-0.732482746952953,-0.414123391055551
"63",63,2006-03-18,1,-1.09419939099514,1.02696197330659,-1.13657792688308,-0.815810188274184
"64",64,2006-03-25,1,-0.0491643922227526,0.811679679909675,-0.746711450471619,-0.374755523313514
"65",65,2006-04-01,1,0.336772711088822,0.6473668469002,-0.65280200724842,-0.460523813237261
"66",66,2006-04-08,1,-1.02341943747275,0.370637113204381,0.107010760648374,0.204984522101722
"67",67,2006-04-15,1,-1.36812694560129,0.160281525166217,0.0500959465737081,0.118344654811368
"68",68,2006-04-22,1,0.218809085217999,0.0413854553175204,-0.109265532835357,-0.182794328423815
"69",69,2006-04-29,1,-0.795184257798833,0.0529390942357485,0.306212609909706,0.614618074865954
"70",70,2006-05-06,0,-0.509904173830657,0.260577770847953,0.482648533541171,0.695932404439419
"71",71,2006-05-13,0,-0.573527677755221,0.218537670396218,0.863977787841435,0.739921313472602
"72",72,2006-05-20,0,1.32269143568336,0.438200782016551,0.200920203871573,-0.155662675596596
"73",73,2006-05-27,0,-1.12180728444367,0.417751372941133,0.465574089318771,0.829554069573808
"74",74,2006-06-03,0,-1.28321856037287,0.559158028846149,0.437116682281438,0.849096307335525
"75",75,2006-06-10,0,-1.06452457266277,1.00948335578436,0.829828899396635,1.01803408305429
"76",76,2006-06-17,0,-0.878532448114933,1.40695606110163,0.755839641099569,0.965522931583732
"77",77,2006-06-24,0,-1.51900357212251,1.453881518042,1.00341908232437,1.16256515046076
"78",78,2006-07-01,0,-1.40911206579806,1.43912841635449,1.09448278484383,1.34792282026042
"79",79,2006-07-08,0,-1.28719683514931,0.997136866145456,1.2026209315857,1.32566011633785
"80",80,2006-07-15,0,-0.503405584195857,0.835934278521472,1.2282325979193,1.37483099875245
"81",81,2006-07-22,0,-1.14981300536984,0.627871623415053,1.15708908032597,1.13905217437434
"82",82,2006-07-29,0,0.534944134952225,0.205307685078595,0.883897972767568,1.11364071592156
"83",83,2006-08-05,0,-0.100246329352112,0.0225509241076096,0.767222603914502,1.01533104752327
"84",84,2006-08-12,0,-0.0135443867244824,-0.20425093336489,0.878206491360101,1.09917584358142
"85",85,2006-08-19,0,-0.659922915400086,-0.556391504664065,1.11440296976997,1.18252731693147
"86",86,2006-08-26,0,0.234844421816865,-0.882533110840046,0.977807415990767,1.13858492477747
"87",87,2006-09-02,0,-0.665668077577226,-1.03105026948145,1.13716889539983,1.18679248179194
"88",88,2006-09-09,0,-1.18966687313018,-0.319613902366524,0.858286306433968,0.978327316293094
"89",89,2006-09-16,0,-0.261190880307545,-0.532097703366411,0.23222335161264,0.383223743522359
"90",90,2006-09-23,0,1.84341204392053,-0.0601336035252415,0.607861124505437,0.0788384568323106
"91",91,2006-09-30,0,1.03723355172517,-0.72666908291625,0.599323902394237,0.298499192823211
"92",92,2006-10-07,0,1.73704097739824,-0.969855101746525,0.633472790839037,0.361256272036175
"93",93,2006-10-14,0,0.585490449611684,-1.22683490803695,0.573712236060637,0.450732494880586
"94",94,2006-10-21,0,-0.031355500723555,-1.69825585139525,0.570866495356904,0.529897665687126
"95",95,2006-10-28,0,1.00498507853743,-1.92421068145344,0.562329273245704,0.247371838086621
"96",96,2006-11-04,1,2.26058193797692,-3.700720783064,0.257835017946239,-0.567885901934798
"97",97,2006-11-11,1,1.49021236376922,-2.45049616775025,0.212303166686507,-0.454872623649947
"98",98,2006-11-18,1,0.515123881066059,-3.17523288833202,-0.0409677559457582,-0.166382600594334
"99",99,2006-11-25,1,-0.975464557667659,-2.45049616775025,-0.183254791132423,0.0271101432175802
"100",100,2006-12-02,1,-1.08731408638208,-2.20349680637742,-0.473520342913221,-0.498638015198286
"101",101,2006-12-09,1,0.129534116185479,-1.34046703998173,-0.524743675580421,-0.610875188325639
"102",102,2006-12-16,1,-1.15239110522496,-1.57789008430436,-1.01705681732628,-0.983957046972114
"103",103,2006-12-23,1,0.085628002702348,-1.32697728276625,-1.42115199725641,-1.83220102596649
"104",104,2006-12-30,1,0.219500282679156,-1.08767107143068,-1.24471607362495,-1.38577972283278
"105",105,2007-01-06,1,-0.0849910902094072,-0.831694925870396,-1.22764162940255,-1.16837441742273
"106",106,2007-01-13,1,-0.102135454245949,-0.0734347789520774,-1.54921032892441,-1.66089878801626
"107",107,2007-01-20,1,-0.888671492545151,0.240737140586332,-1.17641829673535,-0.977860307033438
"108",108,2007-01-27,1,-1.00713740338775,0.467984166306678,-1.56913051385055,-1.43268484466863
"109",109,2007-02-03,1,0.470178266091859,0.836854544451734,-1.54067310681321,-1.95984695890461
"110",110,2007-02-10,1,-0.923478063089134,0.944471579968483,-0.701179599211886,-0.89577371752255
"111",111,2007-02-17,1,-0.411005151888465,1.18479192178608,-0.647110525840953,-0.412235596076998
"112",112,2007-02-24,1,-0.559237003558311,1.27842695365207,-0.721099784138019,-0.456296785418568
"113",113,2007-03-03,1,0.166620343150838,1.30234727114984,-0.684105154989486,-0.654114984691159
"114",114,2007-03-10,1,-1.3303844527223,1.41429828783523,-1.22764162940255,-0.895961511761657
"115",115,2007-03-17,1,-0.592406991462947,1.47443440974358,-0.664184970063353,-0.33074417990456
"116",116,2007-03-24,1,0.0378109178895146,1.14003556124217,-0.854849597213485,-0.808697800235252
"117",117,2007-03-31,1,-1.39427910163163,0.972758554768404,0.126930945574508,0.219112322626246
"118",118,2007-04-07,1,-1.40431368856772,1.01712119184467,-0.937376077621751,-0.723525838784021
"119",119,2007-04-14,1,0.875902285791473,0.691615073790092,-0.564584045432687,-0.78598056513925
"120",120,2007-04-21,1,-0.068617933629526,0.387656733517152,0.0671703907961079,-0.126109771193296
"121",121,2007-04-28,1,-0.328485954025778,0.561662728697519,0.0387129837587749,0.0128516211995673
"122",122,2007-05-05,0,0.434458248099209,0.543976415633271,0.152542611908107,0.178199479907172
"123",123,2007-05-12,0,1.58555760841112,0.570372889656047,0.505414459171038,0.0157763802539255
"124",124,2007-05-19,0,0.426103871068698,0.160281525166217,0.65339297576517,0.480007718717739
"125",125,2007-05-26,0,-0.653635463253421,0.358040096996332,0.61924408732037,0.894984213892836
"126",126,2007-06-02,0,-1.28290296539061,0.255213497070365,0.980653156694501,1.05768339643431
"127",127,2007-06-09,0,-1.30497461165025,0.668659437536844,1.1770092652521,1.23641893869683
"128",128,2007-06-16,0,-0.79738231017531,1.02846720239471,0.724536493358503,0.999696301677686
"129",129,2007-06-23,0,-1.3845689996773,1.62330727593428,1.11155722906623,1.09944876733838
"130",130,2007-06-30,0,-1.42539409988306,1.63651346233956,0.892435194878768,1.16910249716925
"131",131,2007-07-07,0,-1.25443274199054,1.83323190961281,0.983498897398234,1.22241396313097
"132",132,2007-07-14,0,-0.813464319271552,1.73994393037817,1.29368463410516,1.00820967573489
"133",133,2007-07-21,0,-1.16158558720826,1.02243236520897,1.29937611551263,1.14056235413359
"134",134,2007-07-28,0,-1.22443788367616,0.76215625931622,1.30791333762383,0.974720869777146
"135",135,2007-08-04,0,-1.21561900417175,0.423644367831227,1.35913667029103,1.01819984477458
"136",136,2007-08-11,0,-0.558339113608769,-0.00902004854503489,0.767222603914502,1.10937324148041
"137",137,2007-08-18,0,-0.526206210414535,-0.287408246686109,0.710307789839836,0.975425136027422
"138",138,2007-08-25,0,-0.380768041087693,0.000825817510187991,0.957887231064634,1.08355615968205
"139",139,2007-09-01,0,-1.00485489601602,0.176223327599407,0.957887231064634,1.01492181684619
"140",140,2007-09-08,0,-0.414615511481064,-0.0139882799491436,0.764376863210769,0.621561373115581
"141",141,2007-09-15,0,2.04190335074315,-0.131835791533395,0.889589454175034,0.581838832910028
"142",142,2007-09-22,0,2.80565209782292,-0.315970134842317,0.960732971768367,0.110129413356611
"143",143,2007-09-29,0,0.0828952820831082,-0.357005775499385,0.71315353054357,0.743685058802102
"144",144,2007-10-06,0,1.01303814981207,0.036717618963539,0.875360750656368,0.678249560584625
"145",145,2007-10-13,0,1.72307110312969,-0.490181870277334,0.656238716468903,0.111303655374556
"146",146,2007-10-20,0,2.1931922509912,-0.804075687126249,0.186691500352907,-0.518792390176998
"147",147,2007-10-27,0,2.11245642636927,-1.36818049703649,0.274909462168639,-0.151179139319833
"148",148,2007-11-03,1,0.40502345975335,-0.853075295169106,-0.24870682731829,-0.442733977651675
"149",149,2007-11-10,1,1.48885219384566,-1.63570390520107,-0.237323864503356,-0.982896657579254
"150",150,2007-11-17,1,1.04532866758842,-2.24688996146942,-0.336924789134022,-0.669112190699134
"151",151,2007-11-24,1,0.926526387946561,-1.92421068145344,-0.544663860506554,-0.960215061224846
"152",152,2007-12-01,1,0.868330228716998,-1.92421068145344,-0.920301633399351,-1.74859150577253
"153",153,2007-12-08,1,0.813127776819198,-1.28787620707365,-0.840620893694818,-1.20411957437682
"154",154,2007-12-15,1,0.289175653763624,-1.30068964155862,-0.641419044433487,-0.808948049677555
"155",155,2007-12-22,1,-0.215254030389049,-0.404346567028103,-0.575967008247621,-0.626772292190719
"156",156,2007-12-29,1,-0.655093423171488,-0.661906883730575,-1.01990255803002,-1.02921704359371
"157",157,2008-01-05,1,0.008138322057019,-0.494730038442987,-1.74556643748201,-2.08172808294778
"158",158,2008-01-12,1,-0.776008528876448,-0.283909316021868,-0.564584045432687,-0.632568692192758
"159",159,2008-01-19,1,-1.0851515940036,-0.131835791533395,-1.63173680933268,-1.51549464087515
"160",160,2008-01-26,1,-1.13882052098758,0.426575625894289,-1.53498162540575,-1.27938215199457
"161",161,2008-02-02,1,-2.01248522189043,0.267676752358975,-2.38585809582201,-1.55947548952197
"162",162,2008-02-09,1,-0.487130217610481,0.302292170332337,-2.40008679934067,-1.89349727165166
"163",163,2008-02-16,1,0.316721317215647,0.449669570030904,-2.28341143048761,-2.13365533057513
"164",164,2008-02-23,1,0.284083906549764,0.919540208593054,-1.44960940429375,-1.27094324082042
"165",165,2008-03-01,1,-0.0183872139523312,1.03296908486824,-1.68011440129615,-1.55997514302753
"166",166,2008-03-08,1,1.96384486715259,1.53693862567436,-1.01136533591882,-1.47877096520498
"167",167,2008-03-15,1,0.624763913561226,1.51308443593319,-0.65280200724842,-0.759517735345641
"168",168,2008-03-22,1,0.303609882071685,0.885242711449294,-0.487749046431888,-0.368688711448678
"169",169,2008-03-29,1,-0.261909370412637,0.411817236060313,-0.60157867458122,-0.583398313568273
"170",170,2008-04-05,1,-0.799487497334817,0.0997503126719697,-0.698333858508153,-0.222793188780867
"171",171,2008-04-12,1,-1.1604657786146,0.064330936351086,0.274909462168639,0.422222794143897
"172",172,2008-04-19,1,0.029138723376864,0.0755656173055012,0.00740983601770825,0.175679299422807
"173",173,2008-04-26,1,-0.410431746920688,0.024929278454978,0.0387129837587749,-0.134441768755779
"174",174,2008-05-03,0,-0.343696743170981,-0.236477871656658,0.00740983601770825,0.204875522293297
"175",175,2008-05-10,0,-0.0972970720178506,-0.28042575469417,0.385893349614238,0.516029579155634
"176",176,2008-05-17,0,2.26823622754678,-0.494730038442987,0.18100001894544,-0.308607293152968
"177",177,2008-05-24,0,-0.079770438002791,-0.246406066544045,0.203765944575306,0.464441076730187
"178",178,2008-05-31,0,-1.11239277497273,-0.499304733503911,0.801371492359302,1.0495105122225
"179",179,2008-06-07,0,-0.999043058842624,-0.34938454885362,0.348898720465706,0.855625137877807
"180",180,2008-06-14,0,-1.40044209378529,-0.210592836086077,0.818445936581702,0.989630996398946
"181",181,2008-06-21,0,-1.39135429179599,-0.14639087493089,0.684696123506236,1.04372884413827
"182",182,2008-06-28,0,-0.599737618782306,0.174247403910548,0.73022797476597,0.934973032406641
"183",183,2008-07-05,0,-1.36890482055758,0.125342119658153,0.923738342619835,1.09495082901072
"184",184,2008-07-12,0,-1.44995939100257,0.430953672464735,0.485494274244905,1.03348868444376
"185",185,2008-07-19,0,-1.1160465647674,1.05077342404582,0.923738342619835,1.12516886487576
"186",186,2008-07-26,0,-1.07065200481843,1.14205170159962,1.24246130143797,0.947933387846344
"187",187,2008-08-02,0,0.427575165986016,1.13666646593023,1.20546667228943,1.07625741633003
"188",188,2008-08-09,0,-0.0403410677185951,0.771093260491467,0.821291677285435,0.98570451226535
"189",189,2008-08-16,0,-1.17376044152407,0.474925225285321,0.937967046138501,0.900045453630884
"190",190,2008-08-23,0,-0.115481565995941,0.510141482120437,1.05464241499157,0.889670195813001
"191",191,2008-08-30,0,-1.05732324168112,0.182122822923916,1.06317963710277,0.891750667717863
"192",192,2008-09-06,0,-1.3910586993126,0.164296022195824,0.966424453175834,0.979320438929132
"193",193,2008-09-13,0,2.12448938062489,-0.137626114336026,1.1684720431409,0.70053493171867
"194",194,2008-09-20,0,1.84879049361828,-0.161215598308693,1.27376444917903,0.8848929049213
"195",195,2008-09-27,0,0.422276726283771,-0.576384785534105,1.09732852554757,0.971221851583301
"196",196,2008-10-04,0,2.02871297100722,-0.745309383363408,0.755839641099569,0.366995769341305
"197",197,2008-10-11,0,0.509740986368561,-1.30068964155862,0.468419830022504,0.260593739966561
"198",198,2008-10-18,0,1.12651803920767,-1.23866096010733,0.576557976764371,0.289124500884445
"199",199,2008-10-25,0,0.229021472144096,-1.69825585139525,0.693233345617436,0.416370898587627
"200",200,2008-11-01,1,0.715675602295697,-1.67683062896946,0.62778130943157,0.494547407319642
"201",201,2008-11-08,1,-0.379930158634779,-1.63570390520107,0.420042238059038,0.428571840748325
"202",202,2008-11-15,1,1.1147559928313,-1.13825966500305,-0.422297010246022,-1.15234383852867
"203",203,2008-11-22,1,0.700775963133009,-1.57789008430436,-0.504823490654288,-1.00287084234813
"204",204,2008-11-29,1,0.909926536379419,-1.52414456592486,-0.689796636396953,-1.57928312630208
"205",205,2008-12-06,1,0.512479106214687,-2.29290995852759,-0.982907928881484,-1.59417875589228
"206",206,2008-12-13,1,0.798425940145394,-1.32697728276625,-0.914610151991885,-1.54948813907752
"207",207,2008-12-20,1,0.964860065792331,-1.3824224351399,-1.00567385451135,-1.38871917332983
"208",208,2008-12-27,1,0.238029264137887,-1.17029102872318,-1.06258866858602,-1.41298193922509
"209",209,2009-01-03,1,-0.525377217961122,-0.576384785534105,-1.42684347866388,-1.48253788697424
"210",210,2009-01-10,1,0.433804833135929,-0.109083991880733,-1.58051347666548,-1.76086507437892
"211",211,2009-01-17,1,0.290240231203798,0.335531525837866,-1.96184273096574,-2.14000036624368
"212",212,2009-01-24,1,0.224427564902259,0.398311788393177,-1.14796088969802,-1.28245034738022
"213",213,2009-01-31,1,-0.795679875270981,0.845096046455531,-1.71141754903721,-1.5418246566603
"214",214,2009-02-07,1,0.173170050282766,1.24548778510135,-0.937376077621751,-0.993995713054198
"215",215,2009-02-14,1,-0.097219284522222,1.14874364195413,-0.416605528838555,-0.471837565417467
"216",216,2009-02-21,1,-0.234529771805814,1.22832204874766,-0.701179599211886,-0.567718692328686
"217",217,2009-02-28,1,-0.89082287242425,0.952639152043519,-0.297084419281756,-0.0817774766216025
"218",218,2009-03-07,1,-0.920708828244756,0.68402866721789,-1.08820033491962,-0.783290008906126
"219",219,2009-03-14,1,-0.120726665701183,0.369072735416027,-1.08820033491962,-1.02492614114633
"220",220,2009-03-21,1,-0.61907781269545,-0.084236314849469,-0.342616270541489,-0.377876502571356
"221",221,2009-03-28,1,-0.366604049383664,-0.0601336035252415,-0.479211824320688,-0.193851808307292
"222",222,2009-04-04,1,1.13379894879851,-0.308732532961263,-0.763785894694019,-0.819054468308395
"223",223,2009-04-11,1,0.977723895069425,-0.607367757245805,-0.550355341914021,-0.859812891369324
"224",224,2009-04-18,1,0.595727284036408,-0.667576689191899,-0.0551964594644244,0.0157063260410639
"225",225,2009-04-25,1,0.84164467271664,-0.770880054173233,0.112702242055841,0.126493190366222
"226",226,2009-05-02,0,2.04973115232606,-0.541724927102057,-0.29993015998549,-0.709821464064384
"227",227,2009-05-09,0,1.6202663889606,-0.831694925870396,0.135468167685707,-0.317318966808923
"228",228,2009-05-16,0,-0.255407935632528,-0.82469729217597,0.565175013949437,0.455360946254071
"229",229,2009-05-23,0,-1.09182576112853,-0.58146403351513,0.815600195877969,0.824916810893454
"230",230,2009-05-30,0,0.551886251500133,-0.20741557590731,0.226531870205173,0.426942018452752
"231",231,2009-06-06,0,1.81294601563263,-0.450392448922096,0.807062973766769,0.463974294824812
"232",232,2009-06-13,0,-0.481345050435588,-0.0470484983264592,0.818445936581702,0.908917528201634
"233",233,2009-06-20,0,-0.444556010003014,0.322393521152558,0.9721159345833,1.10859800789176
"234",234,2009-06-27,0,-0.835189255550681,0.617373557735941,1.06887111851023,1.22859725354681
"235",235,2009-07-04,0,-1.00289909612593,0.91023203132101,1.07740834062143,1.02653088492668
"236",236,2009-07-11,0,0.380862663611109,1.22460736353824,1.0489509335841,1.03163403900971
"237",237,2009-07-18,0,-0.528208682802003,1.34813360490133,1.19692945017823,1.1474014250344
"238",238,2009-07-25,0,-1.03409188187299,1.47592464374588,1.03756797076917,1.17388209503956
"239",239,2009-08-01,0,-0.829106273392525,1.47045147602873,1.17416352454837,1.3461572449809
"240",240,2009-08-08,0,0.834690470607444,1.55197221666288,1.1684720431409,1.35502803199492
"241",241,2009-08-15,0,-0.747818340460645,1.39638612757738,0.9721159345833,1.26171828128508
"242",242,2009-08-22,0,-0.971970787863998,1.86366990044332,1.21684963510437,1.09819569627554
"243",243,2009-08-29,0,0.137854527267385,1.89912713249489,1.33352500395743,1.16547260355138
"244",244,2009-09-05,0,1.05685600312245,2.04285449629779,1.32783352254996,0.989723952947701
"245",245,2009-09-12,0,0.438114260393753,2.43139436883513,1.12009445117743,0.958346793387161
"246",246,2009-09-19,0,0.707570145251198,2.96956085182865,1.02618500795423,1.18308793439995
"247",247,2009-09-26,0,0.841629115217515,3.26473211054888,1.1257859325849,0.893179310304366
"248",248,2009-10-03,0,0.16708706812461,2.81501938688987,0.724536493358503,0.69945219310076
"249",249,2009-10-10,0,3.1602032149211,1.91970155119066,0.784297048136902,-0.148719066251939
"250",250,2009-10-17,0,0.894897992223975,1.29945798137969,0.488340014948638,0.407941983330802
"251",251,2009-10-24,0,2.90573586922135,0.831319165651417,0.431425200873972,0.124548988500592
"252",252,2009-10-31,0,1.31561944108078,0.541420145830474,0.317595572724639,-0.04866944779517
"253",253,2009-11-07,1,1.08360915387158,0.0225509241076096,-0.0808081257980244,-0.840106422505803
"254",254,2009-11-14,1,-1.4025960333127,-0.23319582657706,0.0472502058699745,-0.0380237883844759
"255",255,2009-11-21,1,-1.15984314730618,0.106223712240106,-1.64596551285135,-1.54847464859183
"256",256,2009-11-28,1,0.512662122522572,0.580221994713588,-0.68695089569322,-0.856882918955721
"257",257,2009-12-05,1,0.619654717691763,0.472155542343771,-0.925993114806818,-1.20405643883897
"258",258,2009-12-12,1,-0.246493488633491,0.267676752358975,-0.795089042435085,-0.597115042961957
"259",259,2009-12-19,1,-1.06860508243346,0.458171211120755,-1.48660403344228,-1.23761148565789
"260",260,2009-12-26,1,-0.136455297317284,0.276466206844495,-1.24471607362495,-1.3331938827757
"261",261,2010-01-02,1,-0.634481959329786,0.0177731924767961,-1.53213588470201,-1.11071520103976
"262",262,2010-01-09,1,-0.979905112418115,0.389187118246705,-1.52929014399828,-1.17188635576049
"263",263,2010-01-16,1,0.127975515322554,0.522003931982172,-1.70288032692601,-1.6321707359307
"264",264,2010-01-23,1,-0.229502477088332,0.335531525837866,-1.00567385451135,-0.83258147758518
"265",265,2010-01-30,1,-0.728402581551749,0.148119050924694,-1.15934385251295,-0.891049644331685
"266",266,2010-02-06,1,-0.375449598886572,0.351670277066225,-0.908918670584418,-0.589557999653554
"267",267,2010-02-13,1,-1.03298652533357,0.367505452367822,-0.812163486657485,-0.486668772850574
"268",268,2010-02-20,1,-1.19172046301477,0.064330936351086,-2.40577828074814,-1.59041179439963
"269",269,2010-02-27,1,-0.602157921146293,0.0665903006180483,-0.410914047431089,-0.208307356203483
"270",270,2010-03-06,1,-1.13322871130182,0.426575625894289,0.200920203871573,0.449028330879323
"271",271,2010-03-13,1,-0.769009876769749,0.586321763565592,-1.56628477314681,-1.32092592028031
"272",272,2010-03-20,1,-0.462879750155109,0.763153609681428,-0.544663860506554,-0.402714940364103
"273",273,2010-03-27,1,0.355203419753589,0.775037256686978,-0.575967008247621,-0.769809447859459
"274",274,2010-04-03,1,0.709872655121804,0.381507359243263,-0.65280200724842,-0.614843256906103
"275",275,2010-04-10,1,0.100192044383896,0.212893569569564,-0.755248672582819,-0.335411198052455
"276",276,2010-04-17,1,-0.545026339356904,0.158266903724674,-0.550355341914021,-0.258514899023459
"277",277,2010-04-24,1,0.0638786189245933,0.0296651760727299,-0.19748349465109,-0.113298122804752
"278",278,2010-05-01,0,0.969013918058898,0.303985842925979,-0.328387567022822,-0.344429989980439
"279",279,2010-05-08,0,-0.347290525469022,0.073331038177708,0.368818905391839,0.594568672559417
"280",280,2010-05-15,0,0.0604404116178097,0.222279133799481,0.195228722464107,0.547636452388154
"281",281,2010-05-22,0,-0.89525231467533,0.0975810684502849,0.61924408732037,0.881100508489305
"282",282,2010-05-29,0,0.95152728904159,0.131617008268599,0.565175013949437,0.462198616308914
"283",283,2010-06-05,0,0.746752818049258,-0.246406066544045,0.14685113050064,0.433785702961849
"284",284,2010-06-12,0,0.0888172900231202,-0.143458611996064,0.522488903393437,0.741305236151016
"285",285,2010-06-19,0,-1.22804722347333,-0.297998659050947,1.1770092652521,1.29311230880332
"286",286,2010-06-26,0,-1.19303840544071,-0.253094425496646,1.02618500795423,1.18308793439995
"287",287,2010-07-03,0,-1.19060032307772,-0.0574995300966454,0.935121305434768,1.13164368904027
"288",288,2010-07-10,0,-0.897439254552431,0.345251893204193,1.31929630043876,1.22385044264638
"289",289,2010-07-17,0,-1.28621671270439,0.402837537767741,1.15424333962223,1.26434524534556
"290",290,2010-07-24,0,-1.11920918208967,0.616199342236299,0.955041490360901,1.27058741799698
"291",291,2010-07-31,0,-1.33915888222921,0.836854544451734,1.0574881556953,1.19866051462197
"292",292,2010-08-07,0,0.308209142694003,0.992466174515305,1.16278056173343,1.11376304268415
"293",293,2010-08-14,0,-0.949630219119467,1.00101201153653,1.17131778384463,1.25356025515918
"294",294,2010-08-21,0,-1.27429966837409,1.02997012519484,0.932275564731034,1.12813279344679
"295",295,2010-08-28,0,-0.725897824192508,1.40958359374085,0.932275564731034,1.07512643566134
"296",296,2010-09-04,0,2.26267997785902,1.33532257385051,1.09732852554757,0.899904002186415
"297",297,2010-09-11,0,0.605406270992479,1.51885098419345,0.974961675287034,1.10442621734648
"298",298,2010-09-18,0,-0.81753149404299,1.53693862567436,0.878206491360101,0.994735331163404
"299",299,2010-09-25,0,0.201282451202939,1.38249916035713,0.758685381803303,0.983362707776015
"300",300,2010-10-02,0,0.478019245651221,1.24973645261274,0.923738342619835,0.890979086921693
"301",301,2010-10-09,0,1.06098985289015,0.919540208593054,0.434270941577705,0.199825130749192
"302",302,2010-10-16,0,0.131553740121469,0.772080862193562,0.61070686520917,0.829492100699961
"303",303,2010-10-23,0,1.21721825911061,0.392239611706545,0.434270941577705,-0.261545399130379
"304",304,2010-10-30,0,1.19099720558415,0.13577374124207,-0.422297010246022,-1.1832948115804
"305",305,2010-11-06,1,1.29871288453088,-0.078817415118447,-0.686950895693219,-0.866431622860445
"306",306,2010-11-13,1,1.55286463524836,-1.00422716196588,-0.336924789134022,-0.81717584380325
"307",307,2010-11-20,1,1.09347391106465,-0.450392448922096,-0.311313122800423,-0.505380003487032
"308",308,2010-11-27,1,0.832892468208486,-0.679041651369405,-0.510514972061755,-0.775480566634292
"309",309,2010-12-04,1,0.958372588656907,-0.75162354544037,-0.484903305728155,-0.806902224287223
"310",310,2010-12-11,1,1.22604158361477,-1.10750921802262,-0.729637006249219,-1.39234419046253
"311",311,2010-12-18,1,-0.448460942283569,-1.01306492316616,-1.40976903444148,-1.30742484530613
"312",312,2010-12-25,1,0.292262706090142,-0.416639742258169,-0.937376077621751,-1.1092779545464
"313",313,2011-01-01,1,0.107112908994965,-0.201098806017814,-1.64596551285135,-1.96400318684924
"314",314,2011-01-08,1,-1.11353513990854,0.180161013598007,-1.93907680533588,-1.7288579186223
"315",315,2011-01-15,1,-0.573000945284821,0.755143957155538,-2.09843828474494,-1.89061159907936
"316",316,2011-01-22,1,-0.133566047479651,1.42107502456591,-1.95330550885454,-1.79785318139144
"317",317,2011-01-29,1,-0.364252644515805,1.64481171175705,-1.76264088170441,-1.69771342029479
"318",318,2011-02-05,1,0.29797675326903,1.32066160238687,-1.74841217818574,-1.72177801813226
"319",319,2011-02-12,1,0.44986017223367,1.36298911981365,-1.12804070477188,-1.18637165162119
"320",320,2011-02-19,1,-1.06000623041669,1.40326752140877,-2.09559254404121,-1.42775463052956
"321",321,2011-02-26,1,-0.35612718497243,1.06681703364986,-1.32155107262575,-1.23280763038363
"322",322,2011-03-05,1,0.34657171303815,0.514113765627747,-0.883307004250818,-0.97410884039178
"323",323,2011-03-12,1,0.572639955333841,0.212893569569564,-1.15649811180922,-1.22124480064224
"324",324,2011-03-19,1,0.229345957125861,-0.396256420786976,-1.07966311280842,-1.15502033137619
"325",325,2011-03-26,1,-0.310156997555807,-0.236477871656658,-0.957296262547884,-1.00782991351685
"326",326,2011-04-02,1,1.41599642543992,-0.149333921620401,-0.991445150992684,-1.50261327489396
"327",327,2011-04-09,1,0.115289486035468,-0.446093288648615,-0.467828861505755,-0.656819727916266
"328",328,2011-04-16,1,0.429495405878105,-0.364701265489647,0.0444044651662415,-0.241351306005255
"329",329,2011-04-23,1,1.38332567727591,-0.126087020586927,-0.0665794222793576,-0.172450449685603
"330",330,2011-04-30,1,0.801541884970288,-1.11762341248323,0.175308537537973,-0.117486674249271
"331",331,2011-05-07,0,-1.37433438775246,-0.921006539075735,0.516797421985971,0.61337577380382
"332",332,2011-05-14,0,-0.831170975776495,-0.890076189445302,0.829828899396635,0.92234398132439
"333",333,2011-05-21,0,0.445030680005072,-0.978305645281746,0.360281683280639,0.462458862471265
"334",334,2011-05-28,0,1.70503920169664,-1.32697728276625,0.291983906391039,0.136526285452887
"335",335,2011-06-04,0,1.91079601763377,-1.14878920792066,0.798525751655569,0.476868069900283
"336",336,2011-06-11,0,-1.27344845092192,-1.12787233928851,1.2111581536969,1.06677810170958
"337",337,2011-06-18,0,-1.30883731643318,-1.47393023445418,0.966424453175834,1.19335275476483
"338",338,2011-06-25,0,-0.726520124157537,-1.01306492316616,1.02618500795423,1.1597753886856
"339",339,2011-07-02,0,-1.14538356311876,-0.978305645281746,0.898126676286235,1.16119939842376
"340",340,2011-07-09,0,-0.880972752977795,-1.14878920792066,1.25669000495663,1.01426747144479
"341",341,2011-07-16,0,0.124661768008776,-0.764408003525123,0.849749084322768,1.21978415873764
"342",342,2011-07-23,0,-0.969409696689753,-0.481163875027922,0.974961675287034,1.08144015449374
"343",343,2011-07-30,0,-0.0525692620314097,-0.576384785534105,1.19977519088197,1.15904169347785
"344",344,2011-08-06,0,-1.04525994374538,-0.607367757245805,1.24246130143797,0.989159150558175
"345",345,2011-08-13,0,-1.21144737190618,-0.82469729217597,1.0916370441401,1.15438018399733
"346",346,2011-08-20,0,-1.22321550874485,-0.617974761335494,1.1684720431409,1.08838269484534
"347",347,2011-08-27,0,0.757898654922897,-0.68483806817057,1.1599348210297,1.06998983875641
"348",348,2011-09-03,0,2.27562603963149,-0.223430146598166,1.21684963510437,0.836188810344343
"349",349,2011-09-10,0,0.268693094914678,-0.197959092666775,1.1428603768073,1.08954516987281
"350",350,2011-09-17,0,-0.254894538161379,-0.111892916622244,1.0404137114729,1.0369910712449
"351",351,2011-09-24,0,0.881876365455749,0.0777940881588849,0.61924408732037,0.270217470733946
"352",352,2011-10-01,0,0.435002760568609,-0.341836135847621,0.735919456173436,0.776804812004492
"353",353,2011-10-08,0,0.192803614179423,0.0483373207342223,0.24929779583504,0.126041812997658
"354",354,2011-10-15,0,-0.253592833098191,0.0320228029391931,0.388739090317972,0.597208054381886
"355",355,2011-10-22,0,2.34989754045767,-0.149333921620401,0.272063721464906,-0.2104114127724
"356",356,2011-10-29,0,0.737051606094435,-0.155252694850655,0.17246279683424,-0.0588853320768868
"357",357,2011-11-05,1,1.20882407414651,-0.388248478977702,0.380201868206772,0.0619419579750547
"358",358,2011-11-12,1,-0.569158477322923,-0.236477871656658,-0.217403679577224,-0.263159642773379
"359",359,2011-11-19,1,0.584774804651902,-0.294452775845099,0.055787427981174,0.088445892815896
"360",360,2011-11-26,1,1.19946937510804,-0.34938454885362,-0.382456640393755,-0.813753457598799
"361",361,2011-12-03,1,0.104016966668947,-0.0367311838218263,-0.752402931879086,-1.02133046934124
"362",362,2011-12-10,1,-0.193546874108921,-0.194831693334171,-1.07397163140095,-1.30456797934295
"363",363,2011-12-17,1,0.188776875792053,0.0413854553175204,-1.35285422036681,-1.79685268555299
"364",364,2011-12-24,1,0.480252858025699,-0.00408214295306087,-1.38415736810788,-1.60192022730808
"365",365,2011-12-31,1,0.190234404323804,0.0997503126719697,-1.39554033092281,-1.40689163817663
"366",366,2012-01-07,1,-0.682636864123635,0.0105533903833223,-1.75125791888948,-1.48385708467421
"367",367,2012-01-14,1,-1.34541299687775,0.455346714938883,-1.48660403344228,-1.24137165461769
"368",368,2012-01-21,1,-1.0153450954265,0.577770115730444,-1.25609903643988,-0.888546211593173
"369",369,2012-01-28,1,-1.4239464297331,0.771093260491467,-2.22365087570921,-1.50256292898535
"370",370,2012-02-04,1,-0.650735100916412,1.18027304310042,-1.62035384651775,-1.37918012117616
"371",371,2012-02-11,1,-0.959524788563423,1.13328621732762,-1.64596551285135,-1.22966395975641
"372",372,2012-02-18,1,-1.03312509442732,1.383573356552,-1.31016810981081,-1.04312446340737
"373",373,2012-02-25,1,-0.517456228406256,1.22646633212142,-1.29878514699588,-0.880025199060572
"374",374,2012-03-03,1,-1.30482125915887,1.03072072431519,-1.58051347666548,-1.02633995210846
"375",375,2012-03-10,1,-1.05567013316036,1.02015967882649,-1.02559403943748,-0.579621474118008
"376",376,2012-03-17,1,-1.08942546126342,1.12307765385204,-1.39838607162655,-0.86401370956759
"377",377,2012-03-24,1,0.166667015648216,1.12580996935911,-0.604424415284954,-0.619934839793809
"378",378,2012-03-31,1,1.85601806321212,0.877350281275091,-0.482057565024421,-0.96702353742832
"379",379,2012-04-07,1,1.22165214636144,0.776020593193192,-0.390993862504955,-0.361912060458973
"380",380,2012-04-14,1,-0.622673817493366,0.61384619883571,0.192382981760373,0.329057965241078
"381",381,2012-04-21,1,-0.270747629770487,0.709775654033346,-0.00966460820469155,0.268950828250443
"382",382,2012-04-28,1,0.710183805104318,1.14941043982952,0.291983906391039,0.459440098206048
"383",383,2012-05-05,0,-0.834644743081281,1.01712119184467,0.889589454175034,1.14310573659716
"384",384,2012-05-12,0,-0.016460306560617,1.36353559951763,0.781451307433169,0.90184633727535
"385",385,2012-05-19,0,-0.75474142757159,1.61710001142727,0.738765196877169,1.15326909914645
"386",386,2012-05-26,0,1.09902793825253,1.8108093997682,0.59363242098677,0.658007558035954
"387",387,2012-06-02,0,0.556102333763202,1.53457346044982,0.570866495356904,0.749051993467444
"388",388,2012-06-09,0,-0.162302970864728,1.24913053064976,0.920892601916101,1.00843291394038
"389",389,2012-06-16,0,0.220231485138065,0.925416309582929,0.878206491360101,1.15885613639171
"390",390,2012-06-23,0,0.0774269781632192,0.850549970219359,0.952195749657168,1.20605756140553
"391",391,2012-06-30,0,-0.230391477038373,0.303985842925979,1.05464241499157,1.12462664747951
"392",392,2012-07-07,0,-1.23047197083706,0.166295947729931,1.0233392672505,1.18731372374307
"393",393,2012-07-14,0,-1.08754967136884,0.182122822923916,1.23961556073423,1.06818720654166
"394",394,2012-07-21,0,0.306317795300291,-0.437564858721343,1.29368463410517,1.21723638775023
"395",395,2012-07-28,0,-0.931643527630261,-0.315970134842317,0.64485575365397,1.09317815320778
"396",396,2012-08-04,0,2.50887962402339,-0.661906883730575,1.3221420411425,1.01673235467711
"397",397,2012-08-11,0,1.52158517200617,-1.14878920792066,1.20831241299317,1.22672723758117
"398",398,2012-08-18,0,-0.161720675897451,-0.913157167486952,1.02049352654677,1.21480581929286
"399",399,2012-08-25,0,0.774934116465559,-0.81776228516828,1.1513975989185,0.866678031694443
"400",400,2012-09-01,0,0.893471147304159,-1.13825966500305,1.23961556073423,0.952844657064724
"401",401,2012-09-08,0,-0.805272184731924,-1.50703749350613,1.02618500795423,1.12092114582834
"402",402,2012-09-15,0,-0.239601516520798,-1.39693420548074,1.04325945217663,0.657852643766967
"403",403,2012-09-22,0,2.29391499110371,-0.867664058439021,0.767222603914502,0.262993495866188
"404",404,2012-09-29,0,1.04574572624682,-1.59667935845514,0.844057602915302,0.495787338089295
"405",405,2012-10-06,0,2.86017017678199,-1.61594242638378,0.556637791838237,0.0847688034872324
"406",406,2012-10-13,0,3.18976913075959,-1.52414456592486,0.505414459171038,-0.0716368263346401
"407",407,2012-10-20,0,2.09672591218511,-1.81545838430906,0.414350756651572,0.00962655698231224
"408",408,2012-10-27,0,1.59647897279738,-1.76639612627136,0.437116682281438,0.103715876954869
"409",409,2012-11-03,1,0.433275878165655,-2.24688996146942,-0.0694251629830912,-0.237868402267534
"410",410,2012-11-10,1,1.06875304495388,-2.01735219219595,0.144005389796907,-0.0671150059145497
"411",411,2012-11-17,1,0.677419711945556,-1.98502262359082,-0.183254791132423,-0.365389990601005
"412",412,2012-11-24,1,-0.3917383004712,-1.92421068145344,-0.297084419281756,-0.194114319985826
"413",413,2012-12-01,1,-1.49342037606021,-1.57789008430436,-0.741019969064152,-0.257004559369764
"414",414,2012-12-08,1,-0.938413262249823,-0.84588272385172,-1.17926403743908,-0.942745836751223
"415",415,2012-12-15,1,-0.217183160280638,-0.82469729217597,-0.800780523842552,-0.818713759985534
"416",416,2012-12-22,1,-0.723319724337389,-0.561342106545911,-0.852003856509752,-0.706520177597095
"417",417,2012-12-29,1,-0.397534580145467,-0.770880054173233,-1.29878514699588,-1.3178039706845
"418",418,2013-01-05,1,-0.937526484799657,-0.708465357208256,-1.96184273096574,-1.91569509744182
"419",419,2013-01-12,1,-1.07906861184544,-0.459061970605119,-1.50367847766468,-1.55521568086743
"420",420,2013-01-19,1,0.0661855737949501,-0.472248322242443,-1.47806681133108,-1.50736523311185
"421",421,2013-01-26,1,0.441645812695291,-0.188613442805291,-0.908918670584418,-0.893621706235792
"422",422,2013-02-02,1,0.674072627133651,-0.143458611996064,-1.00567385451135,-1.14106410569354
"423",423,2013-02-09,1,-0.777777638777029,-0.566324245296194,-0.886152744954552,-0.692488767824285
"424",424,2013-02-16,1,-0.427287185973466,-0.546583306653569,-1.08535459421588,-1.05265829697834
"425",425,2013-02-23,1,-0.170417317908728,0.129530712129014,-0.908918670584418,-0.875735605848602
"426",426,2013-03-02,1,-0.24526444620256,0.237078264936033,-0.729637006249219,-0.609691673615611
"427",427,2013-03-09,1,0.936405399891392,0.328988231718884,-0.883307004250818,-1.51478017611574
"428",428,2013-03-16,1,0.157099153685899,0.193796661198372,-0.573121267543887,-0.664003659743277
"429",429,2013-03-23,1,-0.996022681512359,0.197651524158154,-0.126339977057757,0.0209099152169878
"430",430,2013-03-30,1,-0.251478555853347,0.309046384550053,-0.624344600211087,-0.19324189398535
"431",431,2013-04-06,1,0.49552809966728,0.187980394648526,-0.604424415284953,-0.257972212123159
"432",432,2013-04-13,1,0.207160963372586,-0.152287833977358,-1.01990255803002,-0.869138075519098
"433",433,2013-04-20,1,0.670454397336984,0.073331038177708,0.0358672430550413,0.233830832011802
"434",434,2013-04-27,1,0.676828526978778,-0.58146403351513,-0.163334606206291,-0.0313542725831336
"435",435,2013-05-04,0,1.11356753243545,-0.68483806817057,-0.353999233356422,-0.192949743305569
"436",436,2013-05-11,0,-0.631074867021254,-0.68483806817057,0.0643246500923743,0.375755061046488
"437",437,2013-05-18,0,-0.957206721193692,-0.612653240282205,0.650547235061436,1.03019660675331
"438",438,2013-05-25,0,-0.99900450502662,-0.661906883730575,0.696079086321169,1.02928358562298
"439",439,2013-06-01,0,-1.16699515190426,-0.905386701621664,1.11155722906623,1.13126951788693
"440",440,2013-06-08,0,-0.981798682311702,-0.732832966772265,1.01764778584303,1.12596244253388
"441",441,2013-06-15,0,-0.735496801153077,-0.732832966772265,0.494031496356104,0.849606966163791
"442",442,2013-06-22,0,-0.636737796703015,-0.441817511165621,1.01764778584303,1.28876743543506
"443",443,2013-06-29,0,-0.789730243105331,-0.481163875027922,1.11440296976997,1.1745659203626
"444",444,2013-07-06,0,-1.01014889071851,-0.158228588039637,1.15708908032597,1.05850184868084
"445",445,2013-07-13,0,-0.117244008396897,-0.323274524159447,1.05179667428783,1.03505384164874
"446",446,2013-07-20,0,-1.23824439283211,-0.128956250476123,0.698924827024903,1.15341193970996
"447",447,2013-07-27,0,-1.36619781570971,-0.194831693334171,0.66193019787637,1.1845969419681
"448",448,2013-08-03,0,-1.110074707603,0.0201655763678817,0.937967046138501,1.18824665709594
"449",449,2013-08-10,0,-0.434972590541571,0.0800164853445157,1.19692945017823,1.10668502431554
"450",450,2013-08-17,0,-0.29853332320902,0.141969608456035,0.986344638101967,1.13375885575239
"451",451,2013-08-24,0,0.576576002612648,0.0597933139242443,1.01195630443557,1.25830271741542
"452",452,2013-08-31,0,-0.929912200227556,-0.0265440984784426,0.983498897398234,1.12257308995741
"453",453,2013-09-07,0,-0.121706788146103,0.148119050924694,0.55094631043077,0.869329977328559
"454",454,2013-09-14,0,0.237811459150127,0.246195385923502,0.946504268249701,0.948055662806333
"455",455,2013-09-21,0,1.42061922518013,0.474925225285321,1.03756797076917,0.752940620811449
"456",456,2013-09-28,0,0.757538609943131,-0.0367311838218263,0.809908714470502,0.803708541871692
"457",457,2013-10-05,0,2.21213588569944,0.267676752358975,0.596478161690503,0.30250336267909
"458",458,2013-10-12,0,2.0771412432857,0.0910385571731571,0.801371492359302,0.0855247369718002
"459",459,2013-10-19,0,1.99237287554941,-0.490181870277334,0.474111311429971,-0.0202502537018117
"460",460,2013-10-26,0,3.33994344732028,-0.921006539075735,0.166771315426774,-0.993021452720091
"461",461,2013-11-02,1,1.73683872990961,-0.690677972775169,0.141159649093174,-0.397348787800113
"462",462,2013-11-09,1,0.180757664856367,-0.905386701621664,0.132622426981974,0.0312302563496044
"463",463,2013-11-16,1,-0.104795786596447,-0.928936451945009,-0.225940901688423,-0.205204330766146
"464",464,2013-11-23,1,0.845176225018178,-1.07794047592985,-0.533280897691621,-1.01221846446764
"465",465,2013-11-30,1,0.33715942606709,-1.11762341248323,-1.01705681732628,-1.40397933016984
"466",466,2013-12-07,1,0.790382713097398,-1.04020279274832,-1.00851959521508,-1.68122781134297
"467",467,2013-12-14,1,0.222362862518288,-0.661906883730575,-0.766631635397752,-1.04968778646288
"468",468,2013-12-21,1,-1.01636522286917,-0.266642478007122,-1.99599161941054,-1.57039898865412
"469",469,2013-12-28,1,0.529165635276958,-0.109083991880733,-1.88500773196494,-2.1012173115464
"470",470,2014-01-04,1,0.432064615733723,0.43964283940115,-1.47806681133108,-1.85796771294666
"471",471,2014-01-11,1,0.883416557869195,0.803132750577224,-1.36139144247801,-1.31264912382515
"472",472,2014-01-18,1,0.699526918203201,1.03072072431519,-1.73133773396335,-1.741208675433
"473",473,2014-01-25,1,1.07597172454821,1.05663755494056,-1.64311977214761,-1.82656781245108
"474",474,2014-02-01,1,0.80200416494431,1.08260586844358,-1.01705681732628,-1.03591856654297
"475",475,2014-02-08,1,-0.256005788098931,1.27724658543993,-0.928838855510551,-0.783566682382437
"476",476,2014-02-15,1,-0.739239490942749,0.947746990707358,-2.6249003149356,-1.85275739650789
"477",477,2014-02-22,1,-0.203281423561871,1.25938498838171,-1.83947588070521,-1.43894211829445
"478",478,2014-03-01,1,0.302317295525106,1.24791765813006,-0.974370706770284,-0.721419369085522
"479",479,2014-03-08,1,0.602930406131615,0.893934889848487,-1.44960940429375,-0.962934383904133
"480",480,2014-03-15,1,-0.0171092765241472,1.00718029087309,-1.39554033092281,-1.14791596251163
"481",481,2014-03-22,1,-0.239303701537534,0.871165381535083,-0.735328487656686,-0.750762280543597
"482",482,2014-03-29,1,-0.0479197922926951,0.708717513309594,-0.408068306727355,-0.412910920935371
"483",483,2014-04-05,1,0.396229027747568,0.456760129149128,-0.598732933877487,-0.223432758287512
"484",484,2014-04-12,1,0.829111030322017,0.338784155048867,-0.419451269542288,-0.185095128155766
"485",485,2014-04-19,1,0.35502165756329,0.166295947729931,0.0358672430550413,0.104318000288063
"486",486,2014-04-26,1,0.161393023444597,0.150158673404052,-0.0125103489084252,0.347297121342046
"487",487,2014-05-03,0,2.07692566079782,-0.155252694850655,0.149696871204374,0.0111621243914289
"488",488,2014-05-10,0,0.305548810343505,-0.353185970869253,-0.356844974060156,0.130419840310264
"489",489,2014-05-17,0,-1.0851427040041,-0.617974761335494,0.775759826025702,1.14894009176898
"490",490,2014-05-24,0,-1.21145848440556,-0.273504191461405,0.903818157693701,1.1382325926919
"491",491,2014-05-31,0,-0.709953610088522,0.0460266316874702,1.23107833862303,1.11546759236982
"492",492,2014-06-07,0,-1.06797611496881,0.43964283940115,1.16278056173343,1.08956027650552
"493",493,2014-06-14,0,3.08314469925154,0.455346714938883,1.02618500795423,0.584732594398278
"494",494,2014-06-21,0,-0.31087708751534,0.414789485441547,1.17131778384463,1.3101654370701
"495",495,2014-06-28,0,-1.2085536770688,0.193796661198372,1.04325945217663,1.3449055243523
"496",496,2014-07-05,0,-1.07046309232905,0.0129671432353829,1.29368463410516,1.40117989432372
"497",497,2014-07-12,0,-0.256216925587066,0.156247333381622,1.31645055973503,1.37175376217297
"498",498,2014-07-19,0,-1.07722838194886,0.106223712240106,1.1940837094745,1.26596734711423
"499",499,2014-07-26,0,0.661631072832826,-0.294452775845099,1.20831241299317,1.27573911420119
"500",500,2014-08-02,0,0.374528538967066,-0.494730038442987,1.2623814863641,1.24486029310524
"501",501,2014-08-09,0,-0.651299615884688,-0.995489524564857,1.18270074665957,1.33277488068737
"502",502,2014-08-16,0,-0.860330174137842,-1.65599038183581,1.05179667428783,1.20722055912337
"503",503,2014-08-23,0,-1.16047878227045,-0.875062869728625,0.889589454175034,1.00091812099642
"504",504,2014-08-30,0,-0.959593686059552,-0.82469729217597,1.25099852354917,1.10668794676249
"505",505,2014-09-06,0,0.619001302728482,-1.10750921802262,1.20546667228943,1.1089066093098
"506",506,2014-09-13,0,-0.904093419178488,-0.860335309712059,1.1855464873633,1.21464198323352
"507",507,2014-09-20,0,0.794158740385197,-1.00422716196588,1.0916370441401,1.07526176642371
"508",508,2014-09-27,0,2.11903536593139,-1.76639612627136,0.892435194878768,0.4950520672327
"509",509,2014-10-04,0,1.59091161061025,-1.35419848793811,0.977807415990768,0.93921608516617
"510",510,2014-10-11,0,2.96415427843842,-2.16244628957071,0.667621679283836,-0.208425144145267
"511",511,2014-10-18,0,3.29047282260037,-1.76639612627136,0.462728348615038,-0.409556800255447
"512",512,2014-10-25,0,1.27185175104038,-1.98502262359082,0.491185755652372,0.196624152373857
"513",513,2014-11-01,1,1.39206899178456,-2.16244628957071,0.417196497355305,0.189415322716297
"514",514,2014-11-08,1,0.707305667766061,-2.57724907889601,-0.086499607205491,-0.179136752298416
"515",515,2014-11-15,1,-0.0726317684039615,-2.92008731092792,-0.282855715763089,-0.390622119246117
"516",516,2014-11-22,1,1.11710352973674,-1.61594242638378,-0.359690714763889,-0.712953752624584
"517",517,2014-11-29,1,0.364200582047464,-1.61594242638378,-0.0466592373532248,-0.0623138730869652
"518",518,2014-12-06,1,-0.758599687354768,-1.27527330675682,-1.09104607562335,-0.988771711923559
"519",519,2014-12-13,1,0.066118898798697,-0.739046132009415,-1.12519496406815,-1.44028825186299
"520",520,2014-12-20,1,0.108257496430643,-0.48565991774476,-1.64596551285135,-1.90668890571028
"521",521,2014-12-27,1,0.250833085918353,-0.0654277339983435,-1.43822644147881,-1.44313764446012
"522",522,2015-01-03,1,0.187622966970559,0.500801049656773,-1.64311977214761,-1.64371974560657
"523",523,2015-01-10,1,0.00394446479270037,1.02469978724118,-1.19918422236522,-1.17845774619062
"524",524,2015-01-17,1,0.2864908739145,1.38196168510406,-1.70857180833348,-1.56837182675801
"525",525,2015-01-24,1,1.01437958550949,1.75130983049747,-1.37846588670041,-1.60670041701317
"526",526,2015-01-31,1,-0.0645952088555903,1.69358754953223,-1.22764162940255,-1.07079367509637
"527",527,2015-02-07,1,-0.303418377934495,1.73341025460778,-1.59189643948041,-1.44950089689618
"528",528,2015-02-14,1,1.30308009678545,1.47144843770332,-1.40407755303401,-1.7048798622759
"529",529,2015-02-21,1,0.712517429973177,0.40133163734658,-0.977216447474017,-0.745542250033005
"530",530,2015-02-28,1,-0.733987723737882,0.90767744983758,-0.797934783138818,-0.326791315651214
"531",531,2015-03-07,1,-0.30470965036193,0.950196200225154,-1.16218959321668,-0.785327557628194
"532",532,2015-03-14,1,-0.0598346141231204,0.615023557458206,-1.09389181632708,-0.927288422619434
"533",533,2015-03-21,1,-0.97621798512532,0.390714740787629,-0.157643124798824,0.163421136906136
"534",534,2015-03-28,1,0.529003392786076,0.474925225285321,-0.67841367358202,-0.730987670321898
"535",535,2015-04-04,1,-0.691278909236954,0.237078264936033,0.18953724105664,0.319943480954077
"536",536,2015-04-11,1,-1.177640926306,0.260577770847953,-0.416605528838555,-0.275489965393807
"537",537,2015-04-18,1,1.67208841854837,0.0343736036146116,-0.20602071676229,-0.769288205906242
"538",538,2015-04-25,1,0.876680160747758,0.218537670396218,0.186691500352907,-0.0824666785767727
"539",539,2015-05-02,0,-0.378830021196604,0.0201655763678817,0.539563347615837,0.407867830594136
"540",540,2015-05-09,0,-0.935146187433422,-0.14639087493089,0.844057602915302,0.894839354857625
"541",541,2015-05-16,0,-0.386122043286815,-0.078817415118447,0.684696123506236,0.78921611507439
"542",542,2015-05-23,0,-0.316353327207593,0.276466206844495,0.553792051134504,0.893133922580256
"543",543,2015-05-30,0,-0.739930688403906,0.335531525837866,1.04610519288037,1.34857121091965
"544",544,2015-06-06,0,-1.17169796163997,0.611486741694439,1.20546667228943,1.19869189000418
"545",545,2015-06-13,0,-1.11453970985208,1.04265300640326,1.25669000495663,1.23775218998468
"546",546,2015-06-20,0,-0.941431417080213,1.18736536057667,1.3819025959209,1.19080512544077
"547",547,2015-06-27,0,-0.923229143103122,1.11621451364173,1.0233392672505,1.42802152716629
"548",548,2015-07-04,0,-0.37919895617587,1.08189358697852,1.40182278084703,1.30145627514023
"549",549,2015-07-11,0,1.76458219585052,0.744013837347906,1.0916370441401,0.71922888734244
"550",550,2015-07-18,0,0.577742815047077,0.633650311198307,1.3392164853649,1.29942727827878
"551",551,2015-07-25,0,-0.39814132261137,0.0997503126719697,0.903818157693701,1.14574564391149
"552",552,2015-08-01,0,-1.0781529418969,-0.326952160434328,1.0233392672505,0.993194527434012
"553",553,2015-08-08,0,0.691290333666071,-0.23319582657706,1.31929630043876,0.929166174769871
"554",554,2015-08-15,0,-0.536796422319399,-0.536896517191744,1.0233392672505,1.1795489558907
"555",555,2015-08-22,0,0.247408213610819,-0.517875205906153,1.26522722706783,1.27330740255866
"556",556,2015-08-29,0,1.81668648292242,-0.315970134842317,1.1855464873633,0.938630594299124
"557",557,2015-09-05,0,-1.47981423182483,-0.928936451945009,0.824137417989169,1.15814895363398
"558",558,2015-09-12,0,1.17271492161156,-0.905386701621664,0.963578712472101,0.807896844360903
"559",559,2015-09-19,0,1.55114442034503,-0.986849748029464,0.952195749657168,0.680686303121302
"560",560,2015-09-26,0,-0.0351604205097307,-1.49030475049028,1.0404137114729,1.09160026739108
"561",561,2015-10-03,0,2.00092727756868,-1.20371556400388,1.01195630443557,0.662285299615482
"562",562,2015-10-10,0,0.246365861169396,-1.61594242638378,0.582249458171837,0.762096667784875
"563",563,2015-10-17,0,2.63254396207385,-1.69825585139525,0.18953724105664,-0.215141525965286
"564",564,2015-10-24,0,2.66629040017741,-1.72029996809569,0.56802075465317,-0.116436637532114
"565",565,2015-10-31,0,0.19263248168904,-1.86789632051552,0.539563347615837,0.462178175011212
"566",566,2015-11-07,1,0.283068224106842,-1.59667935845514,0.203765944575306,-0.0110572996340968
"567",567,2015-11-14,1,0.12875339027884,-1.35419848793811,0.260680758649973,0.350613446360383
"568",568,2015-11-21,1,-0.141455922036265,-1.98502262359082,0.337515757650773,0.521479582558368
"569",569,2015-11-28,1,0.572515012541376,-1.34046703998173,-0.254398308725756,-0.73453302046502
"570",570,2015-12-05,1,0.104896111020568,-1.63570390520107,-0.422297010246022,-0.523007386476879
"571",571,2015-12-12,1,-1.2069823696571,-1.74299993643858,-1.00851959521508,-0.882456778351431
"572",572,2015-12-19,1,-0.159387051028593,-1.19241172068943,-1.32439681332948,-1.6255862847643
"573",573,2015-12-26,1,-0.856331896862532,-1.02200515050401,-0.792243301731352,-0.678124584842222
"574",574,2016-01-02,1,-0.881403917953565,-0.623332822794081,-1.11665774195695,-1.07394675281628
"575",575,2016-01-09,1,-0.598877511330642,-0.463432869571359,-0.780860338916419,-0.557710873720771
"576",576,2016-01-16,1,-0.446167322412464,-0.0574995300966454,-1.33008829473695,-0.96619373319664
"577",577,2016-01-23,1,-0.572923157789193,0.327344407640765,-1.72564625255588,-1.27346357993923
"578",578,2016-01-30,1,-0.860036804154328,0.064330936351086,-2.22649661641294,-1.72276129851633
"579",579,2016-02-06,1,-0.608216455805823,0.773067393746393,-1.98176291589188,-1.67243753658489
"580",580,2016-02-13,1,-0.0158068915973369,1.08686894104889,-1.17641829673535,-1.3742271255762
"581",581,2016-02-20,1,-0.661583122806788,1.02921895156444,-1.66873143848121,-1.45772476067165
"582",582,2016-02-27,1,-0.698847778212634,1.40484975704453,-1.66303995707375,-1.30121820464473
"583",583,2016-03-05,1,0.171769875361452,1.56867657156378,-1.03413126154868,-1.12515230460254
"584",584,2016-03-12,1,-0.805612227212815,1.28019510634507,-1.22195014799508,-0.834762820861717
"585",585,2016-03-19,1,-0.667601652468566,1.12649190213259,-1.27032773995855,-0.786617580348561
"586",586,2016-03-26,1,0.346200555559008,1.08615968852742,-1.37562014599668,-0.928585966929174
"587",587,2016-04-02,1,0.737160508588315,1.11690292203514,-0.786551820323886,-0.914740238533121
"588",588,2016-04-09,1,-1.04451096128747,0.902547448645289,0.0757076129073075,0.358071716603165
"589",589,2016-04-16,1,-0.527353020350088,0.876469224456651,-0.24016960520709,0.24418610492887
"590",590,2016-04-23,1,-0.355182622525511,0.830393371986024,0.00171835461024165,0.251576557580176
"591",591,2016-04-30,1,0.485075682754672,0.690535238804104,0.363127423984372,0.497813996776111
"592",592,2016-05-07,0,-0.714518624831983,0.300595060711182,0.599323902394237,0.816247550556698
"593",593,2016-05-14,0,0.364031672056956,0.166295947729931,0.605015383801704,0.643093368581803
"594",594,2016-05-21,0,1.20763928464892,0.0437093562420338,0.357435942576905,0.401358339563631
"595",595,2016-05-28,0,0.890559672467775,-0.256459835523522,0.798525751655569,0.929291909772619
"596",596,2016-06-04,0,-0.848430909806542,-0.63963143394135,1.25099852354917,1.32982607833416
"597",597,2016-06-11,0,-0.923422500592256,-0.882533110840046,0.761531122507035,1.13845675827608
"598",598,2016-06-18,0,-0.643289726334818,-0.913157167486952,1.17131778384463,1.38294352809843
"599",599,2016-06-25,0,-0.99679833396877,-0.708465357208256,1.43881740999556,1.23515228197349
"600",600,2016-07-02,0,-1.10981023011786,-0.216985625447954,1.30222185621636,1.40383037917315
"601",601,2016-07-09,0,1.09227376113209,-0.702490927278876,1.25953574566036,1.35727596593737
"602",602,2016-07-16,0,-0.892836457311093,-0.628727937623109,1.12863167328863,1.3200838189467
"603",603,2016-07-23,0,-0.94376504194907,-0.334359128798032,1.3050675969201,1.20621738137813
"604",604,2016-07-30,0,-0.208222040784224,-0.388248478977702,1.33352500395743,1.12321164165892
"605",605,2016-08-06,0,0.465859948834534,-0.838756340829213,1.00911056373183,1.18509310013436
"606",606,2016-08-13,0,-0.142269356990553,-0.437564858721343,1.04325945217663,1.2668313333767
"607",607,2016-08-20,0,-0.704752960380781,-0.532097703366411,0.761531122507035,1.33346655294773
"608",608,2016-08-27,0,0.637061336713566,0.00813242636655773,1.21684963510437,1.13094655701694
"609",609,2016-09-03,0,0.787846840739906,0.106223712240106,0.892435194878768,0.899482325194629
"610",610,2016-09-10,0,-0.745360255598782,0.0910385571731571,0.701770567728637,1.09304281230592
"611",611,2016-09-17,0,0.859411336718211,0.609120933886207,1.0830998220289,0.820237559124047
"612",612,2016-09-24,0,1.87263757734632,0.682939612249457,0.807062973766769,0.573691224507762
"613",613,2016-10-01,0,1.17801780631355,0.622054817581439,0.912355379804902,0.606590517405763
"614",614,2016-10-08,0,-0.17046176790623,0.546525178380124,0.889589454175035,0.776411359521569
"615",615,2016-10-15,0,0.662266707797106,0.362786056708188,0.471265570726238,0.170234720378321
"616",616,2016-10-22,0,0.399313857574211,0.220410515698844,0.602169643097971,0.77810244465285
"617",617,2016-10-29,0,-0.949007919154438,0.212893569569564,0.767222603914502,0.856182719288121
"618",618,2016-11-05,1,0.525903005460308,0.214779217646189,0.0102555767214412,-0.464298069806178
"619",619,2016-11-12,1,-0.456544174329318,0.137844233763566,-0.24016960520709,-0.256122465023166
"620",620,2016-11-19,1,0.76868000181702,0.152193243972612,0.328978535539572,0.301038602728774
"621",621,2016-11-26,1,-0.772979261546683,-0.0470484983264592,-0.450754417283355,-0.300674131997353
"622",622,2016-12-03,1,-0.0196029213840121,-0.070756903924558,-0.837775152991085,-1.06075365147969
"623",623,2016-12-10,1,0.352670252695431,-0.126087020586927,-0.527589416284154,-0.983332856773722
"624",624,2016-12-17,1,0.626982299779976,-0.210592836086077,-0.815009227361219,-1.12352763803725
"625",625,2016-12-24,1,0.510845568806487,-0.667576689191899,-0.593041452470021,-0.674652362073563
"626",626,2016-12-31,1,-0.0410878276766296,-0.305138389267145,-1.19633848166148,-1.40644980622755
